[{"assetType":"Alias","assetObject":{"name":"iwhi_selfhosted_credentials","id":"5162b0ab-87de-4eb1-abf8-68ad70c328b0","status":"Success","explanation":"OK","warning":false}},{"assetType":"PolicyAction","assetObject":{"name":"Policy Action [Custom Extension] -> IWHI-Service-Token-Policy","id":"0fb7e0dd-d222-4ca1-952b-d85a2f46fdda","status":"Success","explanation":"OK","warning":false}},{"assetType":"Policy","assetObject":{"name":"IWHI-Selfhosted-Credentials-Policy[Global Policy]","id":"fcd42f16-c4f3-473e-9219-f66c1aa7ad4d","status":"Success","explanation":"OK","warning":false}},{"assetType":"Alias","assetObject":{"name":"iwhi_service_apikey","id":"9c24c65b-1284-454c-852c-98be877bdc1c","status":"Success","explanation":"OK","warning":false}},{"assetType":"PassmanData","assetObject":{"name":"HTTP_AUTH_OUTBOUND_CLIENT_PWDiwhi_selfhosted_credentials","id":"HTTP_AUTH_OUTBOUND_CLIENT_PWDiwhi_selfhosted_credentials","status":"Success","explanation":"OK","warning":false}},{"assetType":"PolicyAction","assetObject":{"name":"Policy Action [Outbound Auth - Transport] -> IWHI-Selfhosted-Credentials-Policy","id":"70de1dd6-ea54-4a6d-b194-cb6f224fbbb0","status":"Success","explanation":"OK","warning":false}},{"assetType":"Alias","assetObject":{"name":"iwhi_service_instance_id","id":"ccdec1ef-ec80-4820-be3e-2d8aa1788b0c","status":"Success","explanation":"OK","warning":false}},{"assetType":"Policy","assetObject":{"name":"IWHI-Service-Token-Policy[Global Policy]","id":"a858fab7-de2c-4fa2-b495-d53fb49ebb4f","status":"Success","explanation":"OK","warning":false}}]