[{"assetType":"API","assetObject":{"name":"WxMCP-Tool-Catalog-wMAPIGW[1.1]","id":"f3830359-3350-43ff-9bf9-0c71f4e1c211","status":"Success","explanation":"OK","warning":false}},{"assetType":"PolicyAction","assetObject":{"name":"Policy Action [Request Transformation] -> Policy For API WxMCP-Tool-Catalog-wMAPIGW[1.1] Scope [getApiDetails]","id":"3a96e60c-7ba6-4bdf-914d-fb3fadfdc978","status":"Success","explanation":"OK","warning":false}},{"assetType":"Policy","assetObject":{"name":"Policy For API WxMCP-Tool-Catalog-wMAPIGW[1.1] Scope [downloadOpenAPI]","id":"c390a877-024d-41a4-ad35-d6360285d635","status":"Success","explanation":"OK","warning":false}},{"assetType":"Policy","assetObject":{"name":"Policy For API WxMCP-Tool-Catalog-wMAPIGW[1.1]","id":"78903852-979d-44ad-a091-b0158f7bf993","status":"Success","explanation":"OK","warning":false}},{"assetType":"Policy","assetObject":{"name":"Policy For API IWHI-Service-Admin-API[1.0]","id":"d2cf3276-3bf9-476f-99c1-1ef18bfa2ec6","status":"Success","explanation":"OK","warning":false}},{"assetType":"PolicyAction","assetObject":{"name":"Policy Action [Enable HTTP / HTTPS] -> Policy For API WxMCP-Tool-Catalog-wMAPIGW[1.1]","id":"55c09b36-f070-4796-9607-a371a8525d71","status":"Success","explanation":"OK","warning":false}},{"assetType":"PolicyAction","assetObject":{"name":"Policy Action [Identify & Authorize] -> Policy For API WxMCP-Tool-Catalog-wMAPIGW[1.1]","id":"2b96717f-ea91-4a9e-b11b-e3afab7b9a2c","status":"Success","explanation":"OK","warning":false}},{"assetType":"PolicyAction","assetObject":{"name":"Policy Action [Enable HTTP / HTTPS] -> Policy For API IWHI-Service-Admin-API[1.0]","id":"1f612b44-db42-446f-82b0-b25711af5c2f","status":"Success","explanation":"OK","warning":false}},{"assetType":"PolicyAction","assetObject":{"name":"Policy Action [Log Invocation] -> Policy For API WxMCP-Tool-Catalog-wMAPIGW[1.1]","id":"1523e432-8a77-4821-9093-5bd863800405","status":"Success","explanation":"OK","warning":false}},{"assetType":"PolicyAction","assetObject":{"name":"Policy Action [Request Transformation] -> Policy For API WxMCP-Tool-Catalog-wMAPIGW[1.1] Scope [downloadOpenAPI]","id":"a5738e74-061c-491a-b2fe-aa0c14b0fe4d","status":"Success","explanation":"OK","warning":false}},{"assetType":"Policy","assetObject":{"name":"Policy For API WxMCP-Tool-Catalog-wMAPIGW[1.1] Scope [getProductInfo]","id":"73f16b95-7022-468b-8981-1397212008ae","status":"Success","explanation":"OK","warning":false}},{"assetType":"PolicyAction","assetObject":{"name":"Policy Action [Log Invocation] -> Policy For API IWHI-Service-Admin-API[1.0]","id":"13016d0c-1991-48c7-9c7f-39e2cc0e13a9","status":"Success","explanation":"OK","warning":false}},{"assetType":"PolicyAction","assetObject":{"name":"Policy Action [Response Transformation] -> Policy For API WxMCP-Tool-Catalog-wMAPIGW[1.1] Scope [getApiDetails]","id":"01fadb51-4d64-4678-939b-848715d3987d","status":"Success","explanation":"OK","warning":false}},{"assetType":"Alias","assetObject":{"name":"iwhi_wm_apigw_host","id":"db09686d-c2db-4171-a596-4c285bc92319","status":"Success","explanation":"OK","warning":false}},{"assetType":"API","assetObject":{"name":"IWHI-Service-Admin-API[1.0]","id":"156d4a84-7d96-4ecd-8b02-549e19b218ef","status":"Success","explanation":"OK","warning":false}},{"assetType":"PolicyAction","assetObject":{"name":"Policy Action [Validate API Specification] -> Policy For API WxMCP-Tool-Catalog-wMAPIGW[1.1]","id":"6eeb5662-8ad4-4e4c-974f-2fc0574036ed","status":"Success","explanation":"OK","warning":false}},{"assetType":"PolicyAction","assetObject":{"name":"Policy Action [Response Transformation] -> Policy For API WxMCP-Tool-Catalog-wMAPIGW[1.1] Scope [getProductInfo]","id":"d4e45917-a3be-4ead-96e5-3fe8bea7a47f","status":"Success","explanation":"OK","warning":false}},{"assetType":"PolicyAction","assetObject":{"name":"Policy Action [Custom HTTP Header] -> Policy For API WxMCP-Tool-Catalog-wMAPIGW[1.1]","id":"c1c1732b-d0ef-44fe-91b1-f25cf2d35558","status":"Success","explanation":"OK","warning":false}},{"assetType":"Policy","assetObject":{"name":"Policy For API WxMCP-Tool-Catalog-wMAPIGW[1.1] Scope [getApiDetails]","id":"687f2ea9-a6a2-4d6b-a858-31029b38bc39","status":"Success","explanation":"OK","warning":false}},{"assetType":"PolicyAction","assetObject":{"name":"Policy Action [Custom HTTP Header] -> Policy For API IWHI-Service-Admin-API[1.0]","id":"7978c4ff-d43f-483e-8748-2e4a51295fb0","status":"Success","explanation":"OK","warning":false}},{"assetType":"PolicyAction","assetObject":{"name":"Policy Action [Dynamic Routing] -> Policy For API WxMCP-Tool-Catalog-wMAPIGW[1.1]","id":"7d14a9ad-5d2d-42c1-b805-7a535b189670","status":"Success","explanation":"OK","warning":false}},{"assetType":"PolicyAction","assetObject":{"name":"Policy Action [Response Transformation] -> Policy For API WxMCP-Tool-Catalog-wMAPIGW[1.1] Scope [getApiDetails]","id":"cd44657f-761d-4d40-81d4-f32f015cf9eb","status":"Success","explanation":"OK","warning":false}},{"assetType":"PolicyAction","assetObject":{"name":"Policy Action [Straight Through Routing] -> Policy For API IWHI-Service-Admin-API[1.0]","id":"dd164209-a720-4cfc-922a-97668a663043","status":"Success","explanation":"OK","warning":false}},{"assetType":"PolicyAction","assetObject":{"name":"Policy Action [Request Transformation] -> Policy For API WxMCP-Tool-Catalog-wMAPIGW[1.1] Scope [getProductInfo]","id":"f553ba3a-7f3c-471f-8cfd-547be1871156","status":"Success","explanation":"OK","warning":false}}]